{"cameraMode":{"drawMode":0,"name":"Shaded","section":"Shading Mode"},"sceneLighting":true,"audioPlay":false,"sceneViewState":{"showFog":true,"showMaterialUpdate":false,"showSkybox":true,"showFlares":true,"showImageEffects":true,"showParticleSystems":true},"in2DMode":false,"pivot":{"x":2.384185791015625e-7,"y":-0.6800035238265991,"z":9.439998626708985},"rotation":{"x":-0.026996005326509477,"y":-0.0071911076083779339,"z":0.00019657847587950528,"w":-0.9996205568313599},"size":4.479342937469482,"orthographic":false}